{"cameraMode":{"drawMode":0,"name":"Shaded","section":"Shading Mode"},"sceneLighting":true,"audioPlay":false,"sceneViewState":{"showFog":true,"showMaterialUpdate":false,"showSkybox":true,"showFlares":true,"showImageEffects":true,"showParticleSystems":true},"in2DMode":false,"pivot":{"x":1.5655416250228882,"y":1.3440940380096436,"z":-7.330403804779053},"rotation":{"x":0.3197748064994812,"y":-0.006825606804341078,"z":0.002303397050127387,"w":0.9474685788154602},"size":11.796992301940918,"orthographic":false}